"Status","Start Time","Stop Time","Duration in ms","Parent Suite","Suite","Sub Suite","Test Class","Test Method","Name","Description"
"passed","Mon Oct 05 10:45:00 UTC 2026","Mon Oct 05 10:45:00 UTC 2026","110","Sauce Demo Automation Suite","All Tests","tests.ProductCatalogTest","tests.ProductCatalogTest","TC_PRODUCT_010_Add_from_Product_Detail_Page","TC_PRODUCT_010_Add_from_Product_Detail_Page",""
"passed","Mon Oct 05 10:45:30 UTC 2026","Mon Oct 05 10:45:31 UTC 2026","651","Sauce Demo Automation Suite","All Tests","tests.NavigationAndUITest","tests.NavigationAndUITest","TC_NAV_003_Reset_App_State","TC_NAV_003_Reset_App_State",""
"passed","Mon Oct 05 10:45:02 UTC 2026","Mon Oct 05 10:45:02 UTC 2026","232","Sauce Demo Automation Suite","All Tests","tests.CheckoutFlowTest","tests.CheckoutFlowTest","TC_CHECKOUT_002_Checkout_Empty_First_Name","TC_CHECKOUT_002_Checkout_Empty_First_Name",""
"passed","Mon Oct 05 10:44:59 UTC 2026","Mon Oct 05 10:45:00 UTC 2026","113","Sauce Demo Automation Suite","All Tests","tests.ProductCatalogTest","tests.ProductCatalogTest","TC_PRODUCT_009_Add_Multiple_Products","TC_PRODUCT_009_Add_Multiple_Products",""
"failed","Mon Oct 05 10:45:11 UTC 2026","Mon Oct 05 10:45:12 UTC 2026","281","Sauce Demo Automation Suite","All Tests","tests.CheckoutFlowTest","tests.CheckoutFlowTest","TC_CHECKOUT_011_Complete_Purchase","TC_CHECKOUT_011_Complete_Purchase",""
"passed","Mon Oct 05 10:44:56 UTC 2026","Mon Oct 05 10:44:56 UTC 2026","82","Sauce Demo Automation Suite","All Tests","tests.ProductCatalogTest","tests.ProductCatalogTest","TC_PRODUCT_005_Sort_Price_High_to_Low","TC_PRODUCT_005_Sort_Price_High_to_Low",""
"passed","Mon Oct 05 10:45:18 UTC 2026","Mon Oct 05 10:45:18 UTC 2026","296","Sauce Demo Automation Suite","All Tests","tests.CheckoutFlowTest","tests.CheckoutFlowTest","TC_CHECKOUT_016_Postal_Code_Format_Validation","TC_CHECKOUT_016_Postal_Code_Format_Validation",""
"passed","Mon Oct 05 10:44:58 UTC 2026","Mon Oct 05 10:44:58 UTC 2026","110","Sauce Demo Automation Suite","All Tests","tests.ProductCatalogTest","tests.ProductCatalogTest","TC_PRODUCT_007_Navigate_Back_from_Product_Details","TC_PRODUCT_007_Navigate_Back_from_Product_Details",""
"passed","Mon Oct 05 10:45:36 UTC 2026","Mon Oct 05 10:45:37 UTC 2026","161","Sauce Demo Automation Suite","All Tests","tests.CartOperationsTest","tests.CartOperationsTest","TC_CART_001_View_Cart_with_Single_Item","TC_CART_001_View_Cart_with_Single_Item",""
"passed","Mon Oct 05 10:45:41 UTC 2026","Mon Oct 05 10:45:41 UTC 2026","66","Sauce Demo Automation Suite","All Tests","tests.CartOperationsTest","tests.CartOperationsTest","TC_CART_006_View_Empty_Cart","TC_CART_006_View_Empty_Cart",""
"passed","Mon Oct 05 10:45:26 UTC 2026","Mon Oct 05 10:45:26 UTC 2026","244","Sauce Demo Automation Suite","All Tests","tests.CheckoutFlowTest","tests.CheckoutFlowTest","TC_CHECKOUT_016_Postal_Code_Format_Validation","TC_CHECKOUT_016_Postal_Code_Format_Validation",""
"passed","Mon Oct 05 10:45:16 UTC 2026","Mon Oct 05 10:45:16 UTC 2026","433","Sauce Demo Automation Suite","All Tests","tests.CheckoutFlowTest","tests.CheckoutFlowTest","TC_CHECKOUT_015_End_to_End_Happy_Path","TC_CHECKOUT_015_End_to_End_Happy_Path",""
"failed","Mon Oct 05 10:44:52 UTC 2026","Mon Oct 05 10:44:52 UTC 2026","10","Sauce Demo Automation Suite","All Tests","tests.ProductCatalogTest","tests.ProductCatalogTest","TC_PRODUCT_001_Verify_All_Products_Load","TC_PRODUCT_001_Verify_All_Products_Load",""
"passed","Mon Oct 05 10:45:32 UTC 2026","Mon Oct 05 10:45:33 UTC 2026","901","Sauce Demo Automation Suite","All Tests","tests.NavigationAndUITest","tests.NavigationAndUITest","TC_NAV_004_About_Link_Navigation","TC_NAV_004_About_Link_Navigation",""
"failed","Mon Oct 05 10:45:29 UTC 2026","Mon Oct 05 10:45:29 UTC 2026","615","Sauce Demo Automation Suite","All Tests","tests.NavigationAndUITest","tests.NavigationAndUITest","TC_NAV_002_Logout_Functionality","TC_NAV_002_Logout_Functionality",""
"passed","Mon Oct 05 10:45:37 UTC 2026","Mon Oct 05 10:45:38 UTC 2026","279","Sauce Demo Automation Suite","All Tests","tests.CartOperationsTest","tests.CartOperationsTest","TC_CART_002_View_Cart_with_Multiple_Items","TC_CART_002_View_Cart_with_Multiple_Items",""
"passed","Mon Oct 05 10:44:59 UTC 2026","Mon Oct 05 10:44:59 UTC 2026","55","Sauce Demo Automation Suite","All Tests","tests.ProductCatalogTest","tests.ProductCatalogTest","TC_PRODUCT_008_Add_to_Cart_from_Listing_Page","TC_PRODUCT_008_Add_to_Cart_from_Listing_Page",""
"passed","Mon Oct 05 10:44:44 UTC 2026","Mon Oct 05 10:44:45 UTC 2026","316","Sauce Demo Automation Suite","All Tests","tests.LoginTest","tests.LoginTest","TC_LOGIN_005_Empty_Password","TC_LOGIN_005_Empty_Password",""
"passed","Mon Oct 05 10:45:01 UTC 2026","Mon Oct 05 10:45:01 UTC 2026","279","Sauce Demo Automation Suite","All Tests","tests.CheckoutFlowTest","tests.CheckoutFlowTest","TC_CHECKOUT_001_Checkout_Step_One_Valid_Info","TC_CHECKOUT_001_Checkout_Step_One_Valid_Info",""
"passed","Mon Oct 05 10:45:12 UTC 2026","Mon Oct 05 10:45:13 UTC 2026","326","Sauce Demo Automation Suite","All Tests","tests.CheckoutFlowTest","tests.CheckoutFlowTest","TC_CHECKOUT_012_Verify_Order_Confirmation_Message","TC_CHECKOUT_012_Verify_Order_Confirmation_Message",""
"unknown","Mon Oct 05 10:44:34 UTC 2026","Mon Oct 05 10:44:34 UTC 2026","1","Sauce Demo Automation Suite","All Tests","tests.CartOperationsTest","tests.CartOperationsTest","TC_CART_008_Proceed_to_Checkout_from_Cart_Without_Item","Known Bugs BUG003: Moving to checkout with the blank cart",""
"passed","Mon Oct 05 10:45:25 UTC 2026","Mon Oct 05 10:45:25 UTC 2026","242","Sauce Demo Automation Suite","All Tests","tests.CheckoutFlowTest","tests.CheckoutFlowTest","TC_CHECKOUT_016_Postal_Code_Format_Validation","TC_CHECKOUT_016_Postal_Code_Format_Validation",""
"passed","Mon Oct 05 10:45:44 UTC 2026","Mon Oct 05 10:45:44 UTC 2026","183","Sauce Demo Automation Suite","All Tests","tests.CartOperationsTest","tests.CartOperationsTest","TC_CART_009_Cart_Badge_Accuracy","TC_CART_009_Cart_Badge_Accuracy",""
"passed","Mon Oct 05 10:45:05 UTC 2026","Mon Oct 05 10:45:05 UTC 2026","250","Sauce Demo Automation Suite","All Tests","tests.CheckoutFlowTest","tests.CheckoutFlowTest","TC_CHECKOUT_005_Checkout_All_Fields_Empty","TC_CHECKOUT_005_Checkout_All_Fields_Empty",""
"failed","Mon Oct 05 10:45:39 UTC 2026","Mon Oct 05 10:45:39 UTC 2026","144","Sauce Demo Automation Suite","All Tests","tests.CartOperationsTest","tests.CartOperationsTest","TC_CART_004_Remove_All_Items","TC_CART_004_Remove_All_Items",""
"passed","Mon Oct 05 10:45:21 UTC 2026","Mon Oct 05 10:45:21 UTC 2026","242","Sauce Demo Automation Suite","All Tests","tests.CheckoutFlowTest","tests.CheckoutFlowTest","TC_CHECKOUT_016_Postal_Code_Format_Validation","TC_CHECKOUT_016_Postal_Code_Format_Validation",""
"passed","Mon Oct 05 10:44:41 UTC 2026","Mon Oct 05 10:44:41 UTC 2026","187","Sauce Demo Automation Suite","All Tests","tests.LoginTest","tests.LoginTest","TC_LOGIN_001_ValidLogin_StandardUser","TC_LOGIN_001_ValidLogin_StandardUser",""
"passed","Mon Oct 05 10:45:19 UTC 2026","Mon Oct 05 10:45:19 UTC 2026","229","Sauce Demo Automation Suite","All Tests","tests.CheckoutFlowTest","tests.CheckoutFlowTest","TC_CHECKOUT_016_Postal_Code_Format_Validation","TC_CHECKOUT_016_Postal_Code_Format_Validation",""
"passed","Mon Oct 05 10:45:40 UTC 2026","Mon Oct 05 10:45:40 UTC 2026","168","Sauce Demo Automation Suite","All Tests","tests.CartOperationsTest","tests.CartOperationsTest","TC_CART_005_Continue_Shopping_from_Cart","TC_CART_005_Continue_Shopping_from_Cart",""
"passed","Mon Oct 05 10:44:45 UTC 2026","Mon Oct 05 10:44:45 UTC 2026","326","Sauce Demo Automation Suite","All Tests","tests.LoginTest","tests.LoginTest","TC_LOGIN_006_Locked_Out_User","TC_LOGIN_006_Locked_Out_User",""
"passed","Mon Oct 05 10:45:15 UTC 2026","Mon Oct 05 10:45:15 UTC 2026","354","Sauce Demo Automation Suite","All Tests","tests.CheckoutFlowTest","tests.CheckoutFlowTest","TC_CHECKOUT_014_Cart_Clears_After_Purchase","TC_CHECKOUT_014_Cart_Clears_After_Purchase",""
"passed","Mon Oct 05 10:45:27 UTC 2026","Mon Oct 05 10:45:27 UTC 2026","246","Sauce Demo Automation Suite","All Tests","tests.CheckoutFlowTest","tests.CheckoutFlowTest","TC_CHECKOUT_016_Postal_Code_Format_Validation","TC_CHECKOUT_016_Postal_Code_Format_Validation",""
"unknown","Mon Oct 05 10:44:34 UTC 2026","Mon Oct 05 10:44:34 UTC 2026","0","Sauce Demo Automation Suite","All Tests","tests.NavigationAndUITest","tests.NavigationAndUITest","TC_NAV_008_Reset_App_State_From_Cart","Known Bugs BUG-002: Reset doesn't clear cart from cart page",""
"failed","Mon Oct 05 10:45:14 UTC 2026","Mon Oct 05 10:45:14 UTC 2026","501","Sauce Demo Automation Suite","All Tests","tests.CheckoutFlowTest","tests.CheckoutFlowTest","TC_CHECKOUT_013_Return_Home_After_Purchase","TC_CHECKOUT_013_Return_Home_After_Purchase",""
"passed","Mon Oct 05 10:45:33 UTC 2026","Mon Oct 05 10:45:34 UTC 2026","698","Sauce Demo Automation Suite","All Tests","tests.NavigationAndUITest","tests.NavigationAndUITest","TC_NAV_005_All_Items_Navigation","TC_NAV_005_All_Items_Navigation",""
"passed","Mon Oct 05 10:45:43 UTC 2026","Mon Oct 05 10:45:43 UTC 2026","180","Sauce Demo Automation Suite","All Tests","tests.CartOperationsTest","tests.CartOperationsTest","TC_CART_008_Proceed_to_Checkout_from_Cart_With_Item","TC_CART_008_Proceed_to_Checkout_from_Cart_With_Item",""
"failed","Mon Oct 05 10:45:06 UTC 2026","Mon Oct 05 10:45:06 UTC 2026","229","Sauce Demo Automation Suite","All Tests","tests.CheckoutFlowTest","tests.CheckoutFlowTest","TC_CHECKOUT_006_Cancel_from_Checkout_Step_One","TC_CHECKOUT_006_Cancel_from_Checkout_Step_One",""
"passed","Mon Oct 05 10:44:54 UTC 2026","Mon Oct 05 10:44:54 UTC 2026","62","Sauce Demo Automation Suite","All Tests","tests.ProductCatalogTest","tests.ProductCatalogTest","TC_PRODUCT_003_Sort_Products_Z_to_A","TC_PRODUCT_003_Sort_Products_Z_to_A",""
"passed","Mon Oct 05 10:45:38 UTC 2026","Mon Oct 05 10:45:39 UTC 2026","200","Sauce Demo Automation Suite","All Tests","tests.CartOperationsTest","tests.CartOperationsTest","TC_CART_003_Remove_Item_from_Cart","TC_CART_003_Remove_Item_from_Cart",""
"passed","Mon Oct 05 10:44:57 UTC 2026","Mon Oct 05 10:44:57 UTC 2026","96","Sauce Demo Automation Suite","All Tests","tests.ProductCatalogTest","tests.ProductCatalogTest","TC_PRODUCT_006_Verify_Product_Details","TC_PRODUCT_006_Verify_Product_Details",""
"passed","Mon Oct 05 10:44:55 UTC 2026","Mon Oct 05 10:44:55 UTC 2026","65","Sauce Demo Automation Suite","All Tests","tests.ProductCatalogTest","tests.ProductCatalogTest","TC_PRODUCT_004_Sort_Price_Low_to_High","TC_PRODUCT_004_Sort_Price_Low_to_High",""
"passed","Mon Oct 05 10:45:03 UTC 2026","Mon Oct 05 10:45:03 UTC 2026","267","Sauce Demo Automation Suite","All Tests","tests.CheckoutFlowTest","tests.CheckoutFlowTest","TC_CHECKOUT_003_Checkout_Empty_Last_Name","TC_CHECKOUT_003_Checkout_Empty_Last_Name",""
"passed","Mon Oct 05 10:45:17 UTC 2026","Mon Oct 05 10:45:17 UTC 2026","237","Sauce Demo Automation Suite","All Tests","tests.CheckoutFlowTest","tests.CheckoutFlowTest","TC_CHECKOUT_016_Postal_Code_Format_Validation","TC_CHECKOUT_016_Postal_Code_Format_Validation",""
"failed","Mon Oct 05 10:45:35 UTC 2026","Mon Oct 05 10:45:35 UTC 2026","82","Sauce Demo Automation Suite","All Tests","tests.NavigationAndUITest","tests.NavigationAndUITest","TC_NAV_006_Footer_Social_Links","TC_NAV_006_Footer_Social_Links",""
"passed","Mon Oct 05 10:45:07 UTC 2026","Mon Oct 05 10:45:07 UTC 2026","297","Sauce Demo Automation Suite","All Tests","tests.CheckoutFlowTest","tests.CheckoutFlowTest","TC_CHECKOUT_007_Verify_Checkout_Overview_Details","TC_CHECKOUT_007_Verify_Checkout_Overview_Details",""
"passed","Mon Oct 05 10:45:04 UTC 2026","Mon Oct 05 10:45:04 UTC 2026","222","Sauce Demo Automation Suite","All Tests","tests.CheckoutFlowTest","tests.CheckoutFlowTest","TC_CHECKOUT_004_Checkout_Empty_Postal_Code","TC_CHECKOUT_004_Checkout_Empty_Postal_Code",""
"failed","Mon Oct 05 10:45:10 UTC 2026","Mon Oct 05 10:45:10 UTC 2026","392","Sauce Demo Automation Suite","All Tests","tests.CheckoutFlowTest","tests.CheckoutFlowTest","TC_CHECKOUT_010_Cancel_from_Overview_Page","TC_CHECKOUT_010_Cancel_from_Overview_Page",""
"passed","Mon Oct 05 10:44:53 UTC 2026","Mon Oct 05 10:44:53 UTC 2026","67","Sauce Demo Automation Suite","All Tests","tests.ProductCatalogTest","tests.ProductCatalogTest","TC_PRODUCT_002_Sort_Products_A_to_Z","TC_PRODUCT_002_Sort_Products_A_to_Z",""
"passed","Mon Oct 05 10:44:43 UTC 2026","Mon Oct 05 10:44:43 UTC 2026","305","Sauce Demo Automation Suite","All Tests","tests.LoginTest","tests.LoginTest","TC_LOGIN_003_Invalid_Password","TC_LOGIN_003_Invalid_Password",""
"passed","Mon Oct 05 10:44:42 UTC 2026","Mon Oct 05 10:44:42 UTC 2026","345","Sauce Demo Automation Suite","All Tests","tests.LoginTest","tests.LoginTest","TC_LOGIN_002_Invalid_Username","TC_LOGIN_002_Invalid_Username",""
"passed","Mon Oct 05 10:45:08 UTC 2026","Mon Oct 05 10:45:08 UTC 2026","409","Sauce Demo Automation Suite","All Tests","tests.CheckoutFlowTest","tests.CheckoutFlowTest","TC_CHECKOUT_008_Verify_Multiple_Items_in_Overview","TC_CHECKOUT_008_Verify_Multiple_Items_in_Overview",""
"passed","Mon Oct 05 10:45:36 UTC 2026","Mon Oct 05 10:45:36 UTC 2026","14","Sauce Demo Automation Suite","All Tests","tests.NavigationAndUITest","tests.NavigationAndUITest","TC_NAV_007_Copyright_Text_Verification","TC_NAV_007_Copyright_Text_Verification",""
"passed","Mon Oct 05 10:45:23 UTC 2026","Mon Oct 05 10:45:23 UTC 2026","262","Sauce Demo Automation Suite","All Tests","tests.CheckoutFlowTest","tests.CheckoutFlowTest","TC_CHECKOUT_016_Postal_Code_Format_Validation","TC_CHECKOUT_016_Postal_Code_Format_Validation",""
"passed","Mon Oct 05 10:45:09 UTC 2026","Mon Oct 05 10:45:09 UTC 2026","283","Sauce Demo Automation Suite","All Tests","tests.CheckoutFlowTest","tests.CheckoutFlowTest","TC_CHECKOUT_009_Verify_Tax_Calculation","TC_CHECKOUT_009_Verify_Tax_Calculation",""
"failed","Mon Oct 05 10:44:46 UTC 2026","Mon Oct 05 10:44:46 UTC 2026","322","Sauce Demo Automation Suite","All Tests","tests.LoginTest","tests.LoginTest","TC_LOGIN_008_Performance_Glitch_User","TC_LOGIN_008_Performance_Glitch_User",""
"passed","Mon Oct 05 10:44:44 UTC 2026","Mon Oct 05 10:44:44 UTC 2026","328","Sauce Demo Automation Suite","All Tests","tests.LoginTest","tests.LoginTest","TC_LOGIN_004_Empty_Username","TC_LOGIN_004_Empty_Username",""
"failed","Mon Oct 05 10:45:28 UTC 2026","Mon Oct 05 10:45:28 UTC 2026","76","Sauce Demo Automation Suite","All Tests","tests.NavigationAndUITest","tests.NavigationAndUITest","TC_NAV_001_Hamburger_Menu_All_Options","TC_NAV_001_Hamburger_Menu_All_Options",""
"passed","Mon Oct 05 10:45:24 UTC 2026","Mon Oct 05 10:45:24 UTC 2026","230","Sauce Demo Automation Suite","All Tests","tests.CheckoutFlowTest","tests.CheckoutFlowTest","TC_CHECKOUT_016_Postal_Code_Format_Validation","TC_CHECKOUT_016_Postal_Code_Format_Validation",""
"passed","Mon Oct 05 10:45:42 UTC 2026","Mon Oct 05 10:45:42 UTC 2026","167","Sauce Demo Automation Suite","All Tests","tests.CartOperationsTest","tests.CartOperationsTest","TC_CART_007_Cart_Persistence_Across_Pages","TC_CART_007_Cart_Persistence_Across_Pages",""
"unknown","Mon Oct 05 10:44:34 UTC 2026","Mon Oct 05 10:44:34 UTC 2026","0","Sauce Demo Automation Suite","All Tests","tests.LoginTest","tests.LoginTest","TC_LOGIN_007_Problem_User_Login","Known Bugs BUG-001: All products images should not be same",""
